categoria,canal,region,segmento_cliente,compras_previas,meses_cliente,descuento_aplicado,productos_distintos,ticket_promedio_soles
Deportes,Tienda física,Arequipa,Silver,27,63,31.7,9,518.8
Belleza,Tienda física,Lima,Gold,35,67,8.8,10,739.87
Hogar y Deco,Tienda física,Cusco,Silver,21,11,7.4,8,581.33
Belleza,Tienda física,Arequipa,Platinum,25,43,38.0,2,679.36
Belleza,Tienda física,Lima,Gold,28,17,8.4,1,467.73
Electrónica,Online,Arequipa,Gold,47,4,10.4,2,970.11
Hogar y Deco,Online,Trujillo,Gold,15,63,38.8,7,765.58
Hogar y Deco,Online,Cusco,Gold,4,68,29.4,4,685.2
Hogar y Deco,Online,Piura,Platinum,29,81,28.0,10,1417.86
Belleza,Tienda física,Arequipa,Gold,9,41,34.1,5,416.74
Deportes,Online,Trujillo,Básico,27,83,4.6,12,581.09
Hogar y Deco,Tienda física,Piura,Gold,26,5,28.2,7,755.87
Belleza,Online,Piura,Platinum,19,32,20.1,3,689.78
Electrónica,Online,Arequipa,Gold,28,70,33.2,10,1103.71
Deportes,Online,Lima,Básico,17,35,20.3,2,223.55
Electrónica,Tienda física,Arequipa,Platinum,43,22,24.8,13,1962.67
Deportes,Online,Trujillo,Platinum,41,65,19.1,7,1135.71
Belleza,Tienda física,Piura,Básico,42,22,19.1,5,351.51
Ropa y Moda,Tienda física,Arequipa,Básico,20,11,30.7,14,337.02
Deportes,Online,Lima,Básico,45,77,25.1,1,408.16
Electrónica,Online,Arequipa,Básico,40,3,25.3,1,319.21
Belleza,Online,Cusco,Básico,39,9,18.0,9,383.25
Deportes,Tienda física,Lima,Platinum,49,60,21.2,5,1205.31
Ropa y Moda,Online,Trujillo,Platinum,23,76,29.8,1,796.02
Ropa y Moda,Tienda física,Piura,Gold,47,14,33.0,7,622.61
Hogar y Deco,Tienda física,Arequipa,Gold,32,18,27.9,9,843.81
Hogar y Deco,Online,Lima,Silver,47,73,37.0,11,770.29
Electrónica,Online,Cusco,Gold,33,23,32.8,1,923.11
Deportes,Tienda física,Lima,Gold,46,74,22.5,10,922.9
Deportes,Tienda física,Cusco,Básico,5,83,26.9,14,452.89
Hogar y Deco,Tienda física,Trujillo,Básico,43,47,37.1,13,549.34
Deportes,Online,Piura,Gold,48,69,24.8,4,797.75
Deportes,Tienda física,Trujillo,Silver,34,47,33.0,14,614.41
Ropa y Moda,Online,Arequipa,Básico,40,30,27.6,3,315.05
Hogar y Deco,Tienda física,Lima,Gold,11,25,22.1,5,785.3
Belleza,Tienda física,Cusco,Gold,3,28,9.7,7,465.28
Hogar y Deco,Online,Cusco,Platinum,33,25,17.0,8,1306.76
Belleza,Tienda física,Lima,Silver,11,74,38.7,13,447.12
Ropa y Moda,Online,Lima,Platinum,16,78,26.3,2,763.65
Electrónica,Online,Arequipa,Silver,18,58,22.6,7,699.2
Deportes,Tienda física,Trujillo,Básico,30,41,37.3,14,449.26
Ropa y Moda,Online,Cusco,Silver,48,25,23.5,14,594.16
Deportes,Online,Arequipa,Gold,10,78,21.0,1,544.51
Electrónica,Tienda física,Trujillo,Gold,18,48,30.4,7,1049.05
Electrónica,Online,Arequipa,Silver,38,10,28.5,8,678.79
Ropa y Moda,Online,Cusco,Silver,19,75,7.7,2,444.72
Electrónica,Online,Lima,Silver,36,11,18.9,9,737.3
Belleza,Tienda física,Lima,Platinum,13,21,18.9,1,703.29
Electrónica,Online,Trujillo,Silver,46,45,15.1,13,872.75
Deportes,Tienda física,Piura,Básico,3,7,20.7,6,182.53
Deportes,Tienda física,Trujillo,Platinum,10,81,16.5,1,1007.33
Deportes,Online,Piura,Platinum,38,64,8.0,3,1047.17
Deportes,Online,Arequipa,Silver,1,64,16.5,11,507.0
Belleza,Online,Arequipa,Básico,27,2,2.9,6,304.57
Hogar y Deco,Tienda física,Cusco,Platinum,46,76,23.0,3,1526.4
Ropa y Moda,Online,Piura,Gold,8,42,34.1,8,405.46
Deportes,Online,Cusco,Platinum,46,82,29.0,5,1131.95
Electrónica,Online,Lima,Silver,42,54,14.4,2,717.63
Deportes,Online,Piura,Básico,17,75,3.5,4,447.98
Electrónica,Online,Trujillo,Silver,9,16,8.1,9,646.45
Electrónica,Tienda física,Lima,Gold,6,18,21.8,4,884.34
Deportes,Tienda física,Lima,Gold,43,59,8.3,10,870.21
Belleza,Online,Trujillo,Gold,25,16,21.8,10,524.6
Electrónica,Online,Lima,Silver,39,6,9.3,8,761.49
Electrónica,Online,Piura,Platinum,49,57,34.0,5,1725.86
Deportes,Online,Cusco,Silver,28,47,15.9,11,559.04
Electrónica,Tienda física,Lima,Básico,33,48,9.8,11,589.31
Electrónica,Online,Piura,Platinum,37,42,32.5,10,1776.55
Deportes,Tienda física,Arequipa,Gold,9,76,13.7,13,786.44
Deportes,Tienda física,Piura,Silver,18,60,4.5,13,638.28
Ropa y Moda,Online,Cusco,Gold,21,77,22.8,14,718.54
Belleza,Tienda física,Piura,Gold,2,4,23.3,1,242.13
Belleza,Tienda física,Trujillo,Básico,43,2,28.6,7,283.69
Electrónica,Tienda física,Cusco,Platinum,38,59,9.6,3,1945.95
Belleza,Tienda física,Arequipa,Básico,40,27,17.8,10,471.83
Electrónica,Online,Trujillo,Básico,36,27,11.3,8,523.38
Ropa y Moda,Online,Piura,Básico,43,79,3.2,14,671.77
Deportes,Tienda física,Cusco,Gold,37,72,35.1,12,883.23
Deportes,Online,Arequipa,Básico,15,7,29.2,3,150.04
Deportes,Online,Trujillo,Básico,28,63,12.1,1,343.84
Belleza,Online,Arequipa,Platinum,18,46,24.0,5,704.86
Ropa y Moda,Online,Piura,Platinum,34,63,8.1,2,918.97
Belleza,Online,Arequipa,Básico,22,12,35.6,11,263.94
Belleza,Tienda física,Lima,Platinum,11,13,4.6,4,680.52
Ropa y Moda,Online,Trujillo,Platinum,13,43,0.2,1,746.1
Ropa y Moda,Online,Arequipa,Básico,4,17,20.1,9,221.66
Ropa y Moda,Online,Piura,Gold,22,63,23.3,6,581.8
Ropa y Moda,Online,Piura,Básico,7,81,23.2,8,344.53
Deportes,Tienda física,Arequipa,Platinum,43,36,2.2,11,1255.77
Hogar y Deco,Tienda física,Piura,Gold,24,8,12.6,4,786.71
Hogar y Deco,Tienda física,Cusco,Silver,4,69,20.0,9,579.71
Ropa y Moda,Tienda física,Cusco,Gold,28,80,8.7,2,634.95
Hogar y Deco,Online,Cusco,Platinum,15,36,34.9,9,1225.45
Hogar y Deco,Tienda física,Lima,Gold,1,28,3.5,12,826.66
Ropa y Moda,Online,Arequipa,Básico,3,47,19.5,5,165.51
Hogar y Deco,Online,Lima,Silver,14,76,27.7,13,624.45
Belleza,Online,Piura,Silver,38,30,10.5,6,467.5
Electrónica,Online,Lima,Silver,1,23,25.0,3,463.05
Electrónica,Online,Piura,Platinum,38,16,33.2,4,1591.75
Ropa y Moda,Tienda física,Piura,Platinum,38,14,7.6,6,917.38
Deportes,Tienda física,Trujillo,Silver,21,74,36.7,7,471.15
Ropa y Moda,Tienda física,Cusco,Gold,48,71,22.1,1,705.61
Deportes,Tienda física,Piura,Silver,29,52,12.0,7,616.53
Electrónica,Online,Trujillo,Gold,5,37,17.2,1,865.51
Ropa y Moda,Tienda física,Cusco,Gold,49,29,12.5,5,712.11
Belleza,Online,Piura,Platinum,10,67,29.0,6,727.35
Hogar y Deco,Tienda física,Piura,Gold,28,15,31.9,13,826.36
Deportes,Online,Lima,Silver,21,47,33.3,2,361.35
Hogar y Deco,Online,Lima,Platinum,7,46,39.4,13,1219.36
Hogar y Deco,Tienda física,Cusco,Básico,3,52,31.7,10,349.89
Ropa y Moda,Online,Piura,Básico,45,19,24.1,9,346.89
Hogar y Deco,Online,Arequipa,Platinum,47,77,13.6,14,1604.86
Belleza,Tienda física,Lima,Silver,20,21,21.8,10,395.31
Hogar y Deco,Online,Cusco,Básico,19,64,1.6,6,482.87
Ropa y Moda,Tienda física,Piura,Básico,35,37,29.8,7,395.04
Belleza,Tienda física,Piura,Gold,4,27,17.8,14,511.38
Electrónica,Tienda física,Arequipa,Gold,5,55,0.8,10,1106.92
Hogar y Deco,Online,Cusco,Silver,1,29,2.5,8,491.91
Ropa y Moda,Online,Piura,Platinum,4,20,15.5,11,793.1
Electrónica,Online,Lima,Silver,12,25,23.3,13,666.56
Electrónica,Tienda física,Arequipa,Platinum,27,70,18.6,10,1922.86
Deportes,Online,Cusco,Básico,42,63,24.8,1,372.57
Belleza,Tienda física,Arequipa,Gold,23,36,19.2,14,653.11
Hogar y Deco,Tienda física,Lima,Silver,25,2,26.5,8,518.35
Ropa y Moda,Online,Cusco,Silver,21,22,8.8,4,341.63
Deportes,Tienda física,Arequipa,Platinum,24,16,4.5,10,1097.76
Belleza,Online,Trujillo,Platinum,25,18,23.9,8,702.3
Deportes,Online,Lima,Silver,45,69,19.4,13,764.63
Belleza,Online,Lima,Platinum,46,54,1.1,6,931.4
Belleza,Online,Lima,Silver,32,30,15.2,11,489.5
Hogar y Deco,Online,Trujillo,Silver,32,45,4.2,9,678.21
Belleza,Tienda física,Trujillo,Silver,5,19,21.3,11,294.96
Deportes,Tienda física,Piura,Básico,36,34,15.8,4,357.14
Belleza,Tienda física,Arequipa,Platinum,46,13,24.5,2,818.17
Hogar y Deco,Online,Piura,Gold,42,43,32.2,14,935.77
Hogar y Deco,Online,Arequipa,Gold,49,62,12.0,2,900.95
Deportes,Online,Trujillo,Platinum,42,22,38.5,5,927.99
Electrónica,Tienda física,Trujillo,Silver,39,52,21.4,10,865.82
Electrónica,Online,Piura,Gold,16,52,24.7,9,1057.87
Belleza,Tienda física,Cusco,Gold,33,36,27.2,12,641.88
Ropa y Moda,Tienda física,Piura,Platinum,49,73,26.7,3,1002.09
Belleza,Online,Arequipa,Gold,21,19,20.4,8,459.45
Deportes,Online,Piura,Silver,9,38,17.2,4,354.19
Deportes,Tienda física,Lima,Platinum,6,70,2.2,6,1111.26
Deportes,Online,Arequipa,Silver,45,79,0.9,10,773.03
Deportes,Tienda física,Arequipa,Gold,35,57,14.3,6,837.41
Deportes,Online,Cusco,Gold,39,20,13.3,3,675.11
Hogar y Deco,Online,Trujillo,Silver,22,9,15.5,14,600.87
Electrónica,Tienda física,Arequipa,Básico,41,32,5.5,5,545.6
Deportes,Online,Trujillo,Gold,5,4,29.5,12,558.84
Ropa y Moda,Tienda física,Piura,Básico,42,50,34.3,3,349.57
Ropa y Moda,Online,Lima,Gold,23,82,37.5,11,679.62
Ropa y Moda,Tienda física,Cusco,Básico,17,5,19.7,11,336.92
Ropa y Moda,Tienda física,Trujillo,Básico,12,20,28.0,1,111.39
Hogar y Deco,Online,Arequipa,Básico,23,75,34.2,7,421.61
Ropa y Moda,Tienda física,Trujillo,Silver,16,37,16.7,4,382.53
Deportes,Online,Arequipa,Básico,3,22,12.4,14,351.42
Belleza,Online,Trujillo,Básico,30,58,37.5,7,354.06
Ropa y Moda,Online,Arequipa,Básico,22,68,20.6,3,280.92
Hogar y Deco,Tienda física,Piura,Gold,9,44,19.9,12,841.13
Hogar y Deco,Tienda física,Arequipa,Básico,29,34,7.1,11,503.89
Ropa y Moda,Online,Arequipa,Gold,47,77,4.3,5,802.05
Belleza,Online,Lima,Básico,37,42,33.7,5,288.69
Ropa y Moda,Tienda física,Arequipa,Básico,23,9,24.6,13,379.43
Hogar y Deco,Online,Lima,Silver,13,7,13.0,2,399.19
Electrónica,Online,Cusco,Gold,32,68,7.7,11,1239.28
Deportes,Tienda física,Lima,Básico,46,19,22.2,10,446.18
Hogar y Deco,Online,Piura,Gold,47,31,23.4,12,966.1
Ropa y Moda,Tienda física,Lima,Gold,48,35,8.3,2,670.91
Deportes,Online,Cusco,Platinum,23,57,34.1,4,941.1
Ropa y Moda,Tienda física,Piura,Silver,45,61,3.4,4,608.04
Ropa y Moda,Online,Trujillo,Silver,17,31,14.2,4,333.43
Electrónica,Online,Trujillo,Silver,40,83,27.2,6,818.81
Deportes,Tienda física,Lima,Platinum,21,53,11.0,2,1061.35
Deportes,Online,Lima,Platinum,2,32,33.1,6,776.81
Electrónica,Tienda física,Cusco,Silver,37,66,29.6,7,855.43
Hogar y Deco,Online,Cusco,Platinum,6,59,31.6,11,1272.81
Ropa y Moda,Tienda física,Arequipa,Platinum,44,10,4.8,10,990.9
Belleza,Tienda física,Cusco,Platinum,18,2,5.6,3,701.97
Ropa y Moda,Tienda física,Arequipa,Silver,30,66,11.5,11,635.61
Ropa y Moda,Tienda física,Piura,Silver,22,60,20.7,12,514.28
Hogar y Deco,Online,Lima,Silver,33,17,29.9,8,543.4
Ropa y Moda,Online,Piura,Platinum,30,16,33.5,2,683.91
Electrónica,Tienda física,Cusco,Silver,17,16,28.2,11,656.02
Electrónica,Tienda física,Piura,Platinum,43,46,37.1,8,1902.36
Deportes,Tienda física,Piura,Básico,32,39,29.5,13,445.89
Belleza,Online,Piura,Platinum,42,31,12.3,11,957.88
Ropa y Moda,Online,Cusco,Gold,14,1,10.6,5,405.36
Ropa y Moda,Online,Piura,Silver,10,11,27.8,2,209.57
Hogar y Deco,Online,Arequipa,Silver,47,4,7.7,7,600.3
Electrónica,Tienda física,Cusco,Gold,36,71,3.7,14,1370.76
Belleza,Tienda física,Piura,Platinum,34,26,21.3,2,762.71
Deportes,Tienda física,Cusco,Básico,9,50,32.9,14,364.26
Electrónica,Online,Trujillo,Gold,42,12,4.1,6,1071.12
Deportes,Online,Arequipa,Gold,28,81,31.7,10,746.02
Hogar y Deco,Online,Piura,Platinum,11,75,32.5,3,1203.93
Hogar y Deco,Tienda física,Trujillo,Silver,14,65,19.3,9,649.68
Ropa y Moda,Tienda física,Trujillo,Platinum,39,47,2.3,3,967.34
Belleza,Online,Cusco,Gold,47,53,7.0,11,745.23
Deportes,Tienda física,Trujillo,Gold,19,71,28.3,12,821.83
Electrónica,Online,Arequipa,Silver,15,2,28.5,12,579.44
Hogar y Deco,Online,Arequipa,Silver,28,24,35.9,3,400.92
Ropa y Moda,Tienda física,Lima,Silver,24,4,23.3,5,274.63
Ropa y Moda,Online,Arequipa,Platinum,8,19,5.0,7,743.6
Deportes,Tienda física,Trujillo,Silver,43,26,4.9,14,713.41
Hogar y Deco,Online,Arequipa,Gold,9,75,28.8,8,807.85
Belleza,Tienda física,Cusco,Gold,47,40,7.4,12,803.29
Hogar y Deco,Tienda física,Lima,Básico,33,50,13.1,11,559.34
Deportes,Tienda física,Trujillo,Platinum,33,43,19.5,7,1118.7
Deportes,Online,Lima,Básico,19,75,1.0,9,514.78
Hogar y Deco,Online,Trujillo,Gold,3,67,10.0,5,794.33
Deportes,Tienda física,Cusco,Básico,10,12,16.3,10,311.05
Hogar y Deco,Tienda física,Lima,Gold,40,67,11.2,11,1072.24
Electrónica,Online,Piura,Básico,47,27,5.5,3,538.73
Hogar y Deco,Online,Trujillo,Silver,42,54,29.1,6,629.27
Hogar y Deco,Online,Piura,Básico,1,66,32.5,5,227.14
Deportes,Tienda física,Lima,Silver,29,49,10.3,12,625.0
Deportes,Online,Piura,Silver,34,16,31.0,4,387.72
Ropa y Moda,Online,Piura,Platinum,13,2,15.4,12,776.59
Ropa y Moda,Tienda física,Lima,Silver,1,60,20.3,2,338.89
Electrónica,Online,Cusco,Silver,34,54,34.2,7,694.51
Ropa y Moda,Online,Piura,Básico,29,30,30.0,13,424.89
Hogar y Deco,Online,Piura,Gold,48,38,32.2,5,843.83
Deportes,Tienda física,Cusco,Platinum,47,28,5.5,4,1114.82
Ropa y Moda,Tienda física,Piura,Silver,13,25,2.8,12,467.81
Ropa y Moda,Tienda física,Piura,Platinum,48,10,35.7,14,1029.24
Electrónica,Tienda física,Piura,Básico,49,60,15.5,8,671.33
Electrónica,Tienda física,Arequipa,Silver,29,42,11.5,9,820.91
Hogar y Deco,Tienda física,Cusco,Básico,39,40,29.0,9,516.35
Deportes,Tienda física,Piura,Platinum,24,77,33.5,3,1020.88
Electrónica,Online,Cusco,Básico,26,42,34.5,3,325.16
Ropa y Moda,Online,Trujillo,Platinum,17,47,12.6,5,736.32
Deportes,Tienda física,Trujillo,Básico,7,37,34.1,5,214.55
Deportes,Online,Piura,Platinum,13,80,1.6,10,1135.59
Ropa y Moda,Online,Cusco,Gold,5,22,2.0,2,418.14
Electrónica,Tienda física,Cusco,Básico,26,57,24.9,1,373.01
Ropa y Moda,Online,Cusco,Básico,49,27,2.5,8,459.57
Deportes,Online,Arequipa,Gold,3,41,13.0,3,468.66
Belleza,Online,Trujillo,Gold,7,80,26.9,1,386.51
Belleza,Online,Cusco,Básico,49,34,13.5,1,406.63
Hogar y Deco,Online,Cusco,Gold,39,32,7.2,11,984.93
Ropa y Moda,Tienda física,Arequipa,Silver,1,66,11.3,2,316.46
Ropa y Moda,Tienda física,Arequipa,Platinum,49,12,18.3,6,950.74
Hogar y Deco,Tienda física,Cusco,Platinum,17,40,19.0,6,1320.49
Hogar y Deco,Online,Lima,Platinum,43,73,31.3,14,1524.91
Hogar y Deco,Tienda física,Cusco,Silver,25,76,30.0,3,553.33
Deportes,Online,Cusco,Gold,3,73,18.3,12,706.21
Ropa y Moda,Online,Arequipa,Gold,15,10,33.8,4,336.89
Deportes,Online,Arequipa,Básico,29,48,4.6,12,536.38
Hogar y Deco,Online,Cusco,Gold,43,20,10.2,13,965.45
Ropa y Moda,Tienda física,Cusco,Básico,32,39,33.1,2,239.88
Deportes,Tienda física,Cusco,Silver,26,60,15.1,2,530.35
Deportes,Online,Arequipa,Platinum,16,66,39.2,7,950.56
Hogar y Deco,Tienda física,Cusco,Platinum,25,65,18.7,13,1529.63
Ropa y Moda,Online,Cusco,Platinum,28,51,31.7,1,758.45
Hogar y Deco,Tienda física,Piura,Gold,9,36,16.1,7,748.81
Ropa y Moda,Tienda física,Lima,Básico,1,24,17.0,14,324.58
Belleza,Online,Trujillo,Básico,29,27,15.3,12,404.94
Electrónica,Tienda física,Lima,Silver,22,2,28.8,14,726.95
Electrónica,Online,Piura,Gold,16,31,21.9,12,981.71
Electrónica,Tienda física,Trujillo,Silver,41,57,37.8,14,888.81
Hogar y Deco,Online,Cusco,Básico,44,78,10.0,1,513.4
Belleza,Online,Piura,Básico,41,66,4.0,14,643.49
Ropa y Moda,Tienda física,Cusco,Platinum,7,29,15.7,6,785.55
Deportes,Tienda física,Arequipa,Gold,14,15,24.7,3,499.82
Ropa y Moda,Online,Piura,Básico,29,12,34.4,8,273.21
Deportes,Tienda física,Arequipa,Platinum,19,28,13.8,6,1055.09
Ropa y Moda,Tienda física,Piura,Gold,19,24,26.2,11,564.13
Belleza,Online,Piura,Silver,2,21,14.0,2,187.25
Deportes,Online,Arequipa,Gold,41,10,24.7,8,625.62
Hogar y Deco,Tienda física,Trujillo,Gold,45,78,35.4,5,960.91
Ropa y Moda,Online,Lima,Básico,15,18,9.3,8,239.62
Ropa y Moda,Online,Cusco,Básico,3,14,16.2,8,188.02
Deportes,Online,Piura,Gold,11,34,39.7,6,515.34
Hogar y Deco,Tienda física,Cusco,Básico,46,58,34.7,2,381.51
Hogar y Deco,Tienda física,Arequipa,Básico,30,76,22.6,8,547.64
Belleza,Online,Cusco,Básico,40,22,20.7,11,415.28
Hogar y Deco,Tienda física,Arequipa,Platinum,18,70,11.4,6,1428.63
Hogar y Deco,Online,Cusco,Platinum,48,36,20.7,6,1364.51
Hogar y Deco,Tienda física,Lima,Gold,2,45,33.9,8,681.69
Electrónica,Online,Lima,Básico,32,36,27.4,1,342.46
Belleza,Online,Lima,Platinum,8,22,11.6,2,647.27
Ropa y Moda,Tienda física,Lima,Gold,22,78,8.1,12,741.82
Deportes,Online,Lima,Básico,6,80,10.6,12,405.4
Ropa y Moda,Tienda física,Lima,Silver,12,61,6.8,9,496.98
Belleza,Tienda física,Arequipa,Básico,47,56,3.8,11,588.6
Deportes,Online,Piura,Básico,40,33,16.8,12,496.04
Belleza,Online,Cusco,Platinum,36,45,4.5,8,901.01
Hogar y Deco,Tienda física,Lima,Gold,15,36,6.9,12,933.19
Deportes,Online,Arequipa,Gold,28,20,21.9,7,605.25
Hogar y Deco,Online,Arequipa,Platinum,49,18,6.6,7,1408.05
Ropa y Moda,Online,Arequipa,Básico,45,38,2.6,5,482.48
Ropa y Moda,Online,Piura,Silver,18,67,12.7,2,371.06
Deportes,Online,Cusco,Básico,2,23,8.8,11,237.13
Deportes,Tienda física,Piura,Básico,13,16,20.6,6,253.27
Belleza,Tienda física,Trujillo,Silver,45,59,4.1,10,727.88
Belleza,Online,Arequipa,Platinum,15,69,30.1,3,687.5
Hogar y Deco,Online,Trujillo,Gold,20,68,36.2,4,746.68
Deportes,Online,Lima,Platinum,29,21,29.7,13,1031.32
Ropa y Moda,Tienda física,Lima,Platinum,42,78,21.3,10,1135.83
Belleza,Online,Piura,Básico,29,78,34.4,12,454.33
Belleza,Tienda física,Cusco,Gold,3,70,27.8,11,539.17
Ropa y Moda,Tienda física,Trujillo,Gold,19,12,0.4,2,511.46
Belleza,Tienda física,Cusco,Platinum,3,16,15.8,14,765.23
Hogar y Deco,Online,Piura,Silver,14,81,34.0,2,443.06
Deportes,Tienda física,Lima,Platinum,40,14,13.8,12,1215.57
Ropa y Moda,Online,Cusco,Silver,4,61,1.4,8,420.74
Deportes,Tienda física,Cusco,Gold,11,71,29.8,8,646.19
Belleza,Online,Lima,Platinum,31,46,32.1,10,873.85
Belleza,Tienda física,Trujillo,Básico,43,32,6.4,6,432.02
Ropa y Moda,Online,Lima,Platinum,32,15,21.5,13,908.63
Hogar y Deco,Tienda física,Cusco,Gold,27,44,7.7,5,889.54
Electrónica,Online,Trujillo,Básico,30,17,28.8,8,390.36
Ropa y Moda,Online,Trujillo,Básico,43,41,10.9,4,429.26
Electrónica,Online,Lima,Silver,2,54,12.6,11,684.95
Electrónica,Online,Cusco,Básico,49,44,33.8,4,475.94
Hogar y Deco,Tienda física,Piura,Básico,9,5,19.1,5,235.27
Electrónica,Tienda física,Cusco,Platinum,28,27,26.8,1,1696.39
Electrónica,Online,Arequipa,Gold,31,78,16.1,1,1022.49
Hogar y Deco,Tienda física,Piura,Silver,34,79,11.9,2,645.81
Electrónica,Online,Trujillo,Platinum,15,43,25.0,14,1732.49
Electrónica,Online,Piura,Básico,48,31,6.2,8,595.93
Electrónica,Tienda física,Trujillo,Básico,25,17,14.9,7,471.99
Ropa y Moda,Online,Trujillo,Silver,36,83,8.4,10,655.51
Ropa y Moda,Online,Piura,Gold,8,54,27.8,9,488.09
Ropa y Moda,Tienda física,Trujillo,Silver,9,62,37.8,5,327.86
Hogar y Deco,Online,Trujillo,Platinum,37,32,39.8,2,1159.8
Belleza,Online,Arequipa,Silver,48,40,18.0,7,534.56
Electrónica,Online,Cusco,Básico,45,13,10.1,8,547.97
Electrónica,Online,Cusco,Platinum,39,35,17.7,12,1831.28
Hogar y Deco,Tienda física,Arequipa,Básico,32,5,33.9,7,360.61
Electrónica,Tienda física,Piura,Gold,17,73,8.2,14,1331.09
Ropa y Moda,Tienda física,Lima,Básico,35,29,38.1,7,330.63
Belleza,Online,Lima,Básico,37,70,13.7,12,574.88
Deportes,Online,Lima,Silver,19,25,39.4,14,524.95
Electrónica,Tienda física,Arequipa,Básico,44,22,33.5,5,430.86
Ropa y Moda,Online,Arequipa,Platinum,29,66,32.3,2,792.4
Deportes,Online,Trujillo,Platinum,7,45,12.7,6,910.53
Belleza,Online,Lima,Gold,28,69,0.4,4,644.08
Deportes,Online,Piura,Platinum,9,72,15.3,10,1048.41
Ropa y Moda,Tienda física,Piura,Silver,28,1,12.1,2,308.81
Deportes,Tienda física,Lima,Gold,6,44,1.5,12,736.04
Hogar y Deco,Tienda física,Lima,Platinum,29,75,20.2,9,1540.81
Deportes,Online,Lima,Silver,17,39,16.1,7,415.03
Electrónica,Tienda física,Arequipa,Platinum,16,54,25.4,6,1762.98
Electrónica,Tienda física,Arequipa,Platinum,23,75,24.8,12,1931.39
Hogar y Deco,Online,Arequipa,Básico,31,29,4.8,5,427.09
Ropa y Moda,Online,Cusco,Platinum,3,54,39.1,3,653.87
Electrónica,Tienda física,Piura,Platinum,21,16,7.5,12,1824.38
Belleza,Tienda física,Piura,Silver,26,20,17.8,10,444.45
Electrónica,Tienda física,Trujillo,Silver,36,46,19.5,10,822.67
Electrónica,Tienda física,Arequipa,Básico,42,67,32.5,4,553.42
Ropa y Moda,Online,Cusco,Platinum,37,65,4.0,3,925.67
Deportes,Tienda física,Cusco,Básico,22,58,17.1,12,475.51
Electrónica,Tienda física,Piura,Platinum,42,53,25.1,11,1991.73
Hogar y Deco,Online,Arequipa,Gold,12,1,8.6,8,733.13
Deportes,Tienda física,Trujillo,Gold,42,81,25.1,3,843.71
Belleza,Online,Arequipa,Básico,13,66,36.9,7,236.7
Ropa y Moda,Online,Lima,Básico,11,29,39.9,7,151.59
Belleza,Online,Arequipa,Básico,16,70,1.3,7,407.61
Deportes,Tienda física,Lima,Silver,8,8,9.4,13,449.48
Deportes,Tienda física,Lima,Silver,40,29,12.4,7,604.46
Deportes,Online,Trujillo,Silver,40,51,16.0,14,725.26
Belleza,Tienda física,Piura,Básico,45,33,9.7,2,365.2
Deportes,Tienda física,Arequipa,Platinum,2,3,8.1,10,941.38
Belleza,Online,Lima,Gold,30,60,38.2,3,475.37
Deportes,Online,Arequipa,Básico,30,35,36.7,10,367.0
Hogar y Deco,Tienda física,Piura,Silver,12,69,1.9,9,684.54
Deportes,Online,Piura,Silver,10,76,13.6,3,380.57
Belleza,Tienda física,Cusco,Básico,44,20,16.2,2,301.98
Electrónica,Tienda física,Piura,Básico,11,73,9.6,9,515.76
Deportes,Tienda física,Trujillo,Silver,15,39,25.2,13,502.7
Electrónica,Tienda física,Lima,Platinum,16,4,25.6,10,1665.58
Hogar y Deco,Online,Cusco,Silver,17,19,34.0,9,418.43
Ropa y Moda,Online,Trujillo,Silver,26,45,29.6,4,336.2
Hogar y Deco,Online,Arequipa,Básico,2,43,21.7,14,377.34
Deportes,Online,Lima,Platinum,12,13,26.1,12,918.75
Electrónica,Tienda física,Piura,Silver,26,13,11.0,9,720.24
Electrónica,Tienda física,Lima,Silver,23,60,23.7,3,709.47
Belleza,Online,Arequipa,Gold,18,57,19.6,7,551.14
Electrónica,Tienda física,Cusco,Básico,32,52,5.3,7,577.81
Belleza,Tienda física,Cusco,Gold,49,53,9.7,11,806.43
Ropa y Moda,Tienda física,Cusco,Gold,38,43,11.7,8,686.31
Deportes,Online,Piura,Silver,47,83,37.0,10,657.96
Belleza,Online,Trujillo,Básico,3,72,9.2,4,223.94
Ropa y Moda,Online,Trujillo,Platinum,38,72,11.6,3,921.66
Electrónica,Tienda física,Lima,Silver,3,42,14.8,3,595.14
Electrónica,Online,Piura,Platinum,30,26,26.5,12,1767.15
Ropa y Moda,Online,Cusco,Platinum,1,23,4.7,5,677.72
Electrónica,Online,Cusco,Básico,30,43,38.2,11,495.3
Ropa y Moda,Online,Arequipa,Gold,45,77,34.6,14,730.97
Belleza,Online,Arequipa,Básico,32,28,23.1,1,226.2
Belleza,Online,Cusco,Platinum,28,9,27.0,10,732.51
Ropa y Moda,Tienda física,Cusco,Silver,21,20,0.7,3,420.41
Belleza,Tienda física,Piura,Platinum,46,56,13.6,14,1101.59
Belleza,Online,Trujillo,Silver,13,83,31.8,6,399.49
Belleza,Online,Arequipa,Silver,27,39,3.1,3,422.65
Hogar y Deco,Tienda física,Trujillo,Básico,36,51,11.3,5,486.63
Deportes,Tienda física,Piura,Platinum,7,12,23.4,9,981.33
Electrónica,Online,Cusco,Gold,22,79,10.3,2,980.87
Hogar y Deco,Online,Trujillo,Platinum,10,55,37.4,11,1246.34
Belleza,Online,Cusco,Platinum,39,78,5.2,2,921.59
Ropa y Moda,Online,Cusco,Gold,15,11,31.9,12,438.94
Belleza,Tienda física,Lima,Básico,15,26,20.3,6,256.16
Deportes,Online,Trujillo,Platinum,4,42,30.0,6,827.93
Belleza,Online,Trujillo,Platinum,32,27,12.4,11,865.32
Ropa y Moda,Online,Cusco,Silver,23,11,20.6,11,395.39
Deportes,Online,Piura,Platinum,6,38,34.3,8,889.73
Belleza,Tienda física,Lima,Gold,24,43,18.7,12,632.4
Deportes,Tienda física,Cusco,Silver,20,19,14.4,13,561.14
Electrónica,Tienda física,Arequipa,Básico,37,64,21.4,11,646.2
Electrónica,Online,Arequipa,Silver,20,6,28.7,14,645.3
Belleza,Online,Lima,Gold,12,46,17.7,2,420.14
Deportes,Tienda física,Piura,Gold,33,42,37.6,9,698.59
Ropa y Moda,Online,Cusco,Silver,28,65,11.8,2,448.13
Belleza,Online,Trujillo,Básico,8,72,19.0,13,389.58
Electrónica,Tienda física,Lima,Silver,1,59,30.3,1,545.24
Electrónica,Tienda física,Piura,Básico,37,52,27.6,10,589.66
Belleza,Tienda física,Trujillo,Silver,22,47,34.5,2,305.34
Deportes,Tienda física,Arequipa,Gold,6,7,39.9,12,521.95
Electrónica,Online,Arequipa,Platinum,21,11,17.1,7,1577.64
Deportes,Online,Trujillo,Platinum,32,61,4.4,8,1145.11
Electrónica,Tienda física,Lima,Básico,35,68,1.2,5,590.22
Electrónica,Online,Arequipa,Básico,15,25,29.1,6,273.42
Hogar y Deco,Tienda física,Cusco,Básico,5,12,35.0,12,240.77
Electrónica,Tienda física,Trujillo,Gold,46,26,8.8,1,1162.08
Ropa y Moda,Online,Trujillo,Silver,48,12,6.3,6,499.65
Belleza,Tienda física,Arequipa,Gold,6,43,2.5,12,623.24
Belleza,Online,Lima,Platinum,25,51,32.9,8,759.17
Deportes,Online,Cusco,Básico,46,37,12.5,13,603.08
Electrónica,Online,Lima,Silver,40,46,16.1,3,756.47
Ropa y Moda,Online,Piura,Platinum,29,53,20.1,11,914.12
Deportes,Tienda física,Piura,Platinum,7,80,33.6,1,884.61
Hogar y Deco,Online,Arequipa,Platinum,40,13,26.0,11,1298.01
Deportes,Tienda física,Arequipa,Gold,13,54,24.6,4,581.32
Deportes,Tienda física,Arequipa,Básico,38,57,7.0,1,466.96
Electrónica,Tienda física,Piura,Platinum,18,4,20.5,14,1813.1
Hogar y Deco,Tienda física,Lima,Básico,2,75,28.6,8,354.02
Deportes,Online,Lima,Gold,8,49,38.9,5,526.6
Ropa y Moda,Online,Arequipa,Platinum,11,7,8.1,1,634.68
Ropa y Moda,Tienda física,Cusco,Gold,33,11,0.4,14,741.41
Belleza,Tienda física,Lima,Gold,38,54,3.0,8,739.63
Hogar y Deco,Online,Piura,Básico,48,45,15.0,9,576.52
Hogar y Deco,Tienda física,Trujillo,Platinum,27,23,32.8,10,1368.47
Belleza,Online,Trujillo,Gold,20,28,0.3,2,447.48
Deportes,Tienda física,Trujillo,Platinum,12,57,18.3,9,1081.43
Hogar y Deco,Online,Cusco,Básico,43,26,13.2,8,521.54
Ropa y Moda,Tienda física,Arequipa,Gold,31,25,2.1,7,692.74
Ropa y Moda,Tienda física,Piura,Básico,27,54,18.0,3,334.28
Electrónica,Online,Cusco,Platinum,32,29,10.2,2,1669.59
Hogar y Deco,Tienda física,Piura,Platinum,10,83,14.1,7,1428.41
Deportes,Tienda física,Piura,Básico,3,36,28.2,5,185.72
Belleza,Online,Arequipa,Silver,45,14,20.9,6,455.48
Belleza,Tienda física,Trujillo,Gold,27,78,5.0,4,680.88
Deportes,Online,Arequipa,Platinum,35,35,38.5,2,885.13
Electrónica,Online,Cusco,Platinum,31,30,25.4,9,1669.06
Belleza,Tienda física,Cusco,Gold,15,17,30.6,3,352.81
Hogar y Deco,Tienda física,Cusco,Básico,16,67,3.2,12,550.57
Electrónica,Tienda física,Arequipa,Básico,13,80,1.9,14,671.51
Hogar y Deco,Tienda física,Piura,Básico,49,30,0.8,7,546.85
Ropa y Moda,Tienda física,Piura,Silver,35,45,7.6,14,589.88
Electrónica,Tienda física,Lima,Silver,11,79,16.6,8,751.48
Belleza,Tienda física,Cusco,Platinum,21,51,37.4,2,692.41
Electrónica,Online,Piura,Básico,11,47,18.3,14,470.17
Electrónica,Tienda física,Lima,Gold,30,53,11.6,6,1142.41
Electrónica,Online,Piura,Platinum,48,64,22.5,11,1926.0
Electrónica,Tienda física,Cusco,Gold,35,38,4.5,8,1209.87
Hogar y Deco,Tienda física,Trujillo,Platinum,22,64,24.4,7,1420.86
Ropa y Moda,Online,Cusco,Silver,38,7,22.7,11,468.92
Deportes,Tienda física,Arequipa,Platinum,31,22,31.7,3,954.34
Electrónica,Tienda física,Piura,Silver,14,81,39.5,1,598.98
Belleza,Online,Piura,Platinum,24,82,10.0,14,1001.36
Electrónica,Tienda física,Arequipa,Básico,49,41,20.4,6,540.42
Belleza,Tienda física,Arequipa,Gold,32,74,36.4,8,672.75
Hogar y Deco,Tienda física,Trujillo,Básico,36,10,31.4,6,366.41
Belleza,Online,Piura,Platinum,32,57,19.5,5,800.26
Deportes,Tienda física,Piura,Platinum,15,7,37.8,11,979.81
Ropa y Moda,Tienda física,Trujillo,Platinum,43,50,2.3,12,1162.06
Belleza,Tienda física,Lima,Silver,35,52,37.2,8,457.6
Belleza,Tienda física,Trujillo,Gold,3,33,2.0,2,405.62
Ropa y Moda,Online,Cusco,Gold,16,1,21.9,12,538.77
Deportes,Online,Piura,Platinum,5,53,35.6,1,835.86
Electrónica,Tienda física,Arequipa,Platinum,21,60,10.5,1,1793.36
Belleza,Tienda física,Cusco,Silver,10,34,18.9,14,415.99
Ropa y Moda,Online,Piura,Básico,19,4,13.0,4,191.22
Hogar y Deco,Online,Trujillo,Básico,25,17,38.1,6,300.26
Ropa y Moda,Tienda física,Cusco,Gold,4,4,32.9,13,432.31
Hogar y Deco,Online,Piura,Silver,29,43,28.4,9,590.78
Deportes,Tienda física,Lima,Platinum,19,4,23.5,1,875.65
Electrónica,Online,Lima,Gold,43,1,32.8,12,1040.88
Ropa y Moda,Online,Arequipa,Silver,2,71,15.7,1,324.27
Belleza,Online,Piura,Básico,10,50,17.9,13,382.25
Deportes,Online,Lima,Silver,43,73,29.2,13,753.92
Ropa y Moda,Tienda física,Trujillo,Básico,25,61,14.3,5,392.27
Belleza,Online,Piura,Silver,20,35,2.6,10,449.45
Ropa y Moda,Online,Trujillo,Gold,48,8,3.0,5,649.44
Hogar y Deco,Tienda física,Trujillo,Básico,19,24,4.6,5,385.8
Ropa y Moda,Online,Lima,Gold,23,83,34.8,10,666.05
Ropa y Moda,Online,Piura,Gold,24,36,18.9,6,516.42
Ropa y Moda,Tienda física,Cusco,Básico,11,50,28.5,8,255.39
Deportes,Online,Lima,Básico,46,43,15.7,3,396.09
Ropa y Moda,Tienda física,Lima,Platinum,34,27,10.3,9,1006.54
Belleza,Tienda física,Piura,Platinum,28,32,13.9,13,947.32
Hogar y Deco,Tienda física,Piura,Platinum,5,78,31.8,1,1219.79
Hogar y Deco,Tienda física,Trujillo,Gold,5,18,25.0,4,654.25
Ropa y Moda,Online,Piura,Gold,21,28,37.5,9,487.64
Deportes,Tienda física,Trujillo,Platinum,12,29,27.2,14,1043.7
Deportes,Online,Lima,Gold,4,16,22.8,8,499.8
Belleza,Online,Arequipa,Gold,49,47,24.4,10,706.2
Ropa y Moda,Online,Cusco,Básico,42,59,37.7,9,484.73
Hogar y Deco,Online,Lima,Básico,20,31,31.5,1,206.77
Deportes,Online,Piura,Gold,38,4,1.0,9,690.48
Ropa y Moda,Online,Cusco,Platinum,25,37,21.4,3,730.24
Deportes,Online,Arequipa,Silver,14,17,27.5,11,388.13
Deportes,Online,Arequipa,Platinum,11,39,29.9,12,956.59
Hogar y Deco,Online,Trujillo,Silver,32,48,8.5,10,672.41
Electrónica,Online,Cusco,Platinum,11,46,34.7,9,1626.82
Belleza,Tienda física,Trujillo,Básico,18,48,38.2,1,138.57
Belleza,Tienda física,Lima,Gold,27,39,9.5,1,510.85
Hogar y Deco,Tienda física,Cusco,Gold,18,4,35.3,9,782.36
Deportes,Online,Lima,Básico,23,30,3.9,11,448.21
Ropa y Moda,Tienda física,Trujillo,Silver,11,30,2.2,14,523.56
Deportes,Tienda física,Cusco,Silver,21,22,5.2,6,521.51
Hogar y Deco,Tienda física,Trujillo,Silver,44,75,2.3,4,810.48
Belleza,Online,Cusco,Básico,5,66,33.8,7,247.35
Deportes,Online,Trujillo,Silver,23,12,2.4,5,427.01
Belleza,Online,Arequipa,Básico,41,36,10.9,10,472.95
Ropa y Moda,Online,Trujillo,Platinum,25,18,4.2,14,933.15
Belleza,Tienda física,Arequipa,Platinum,41,53,11.8,7,949.83
Belleza,Tienda física,Trujillo,Básico,10,71,3.6,8,390.77
Electrónica,Tienda física,Cusco,Gold,22,1,26.7,8,1002.44
Electrónica,Tienda física,Cusco,Platinum,19,58,5.3,1,1762.95
Electrónica,Online,Cusco,Silver,1,6,34.1,8,500.47
Belleza,Online,Piura,Básico,7,70,32.7,6,250.71
Hogar y Deco,Online,Lima,Silver,4,44,0.5,4,472.74
Belleza,Tienda física,Cusco,Silver,1,72,35.8,13,415.96
Hogar y Deco,Online,Arequipa,Gold,15,24,1.2,14,905.27
Hogar y Deco,Online,Cusco,Silver,40,19,9.6,12,669.32
Electrónica,Tienda física,Piura,Gold,12,18,1.3,8,1053.56
Deportes,Tienda física,Arequipa,Platinum,22,30,13.4,3,970.11
Ropa y Moda,Online,Piura,Básico,22,42,20.6,13,476.31
Electrónica,Online,Arequipa,Silver,47,33,31.9,4,705.87
Electrónica,Online,Trujillo,Básico,17,74,13.5,6,452.45
Deportes,Online,Lima,Silver,29,12,28.2,11,565.81
Ropa y Moda,Online,Lima,Básico,46,27,7.5,7,440.25
Belleza,Online,Piura,Silver,14,39,30.0,4,270.3
Belleza,Tienda física,Lima,Silver,20,9,9.4,4,320.32
Electrónica,Tienda física,Piura,Silver,48,21,5.7,7,832.2
Ropa y Moda,Tienda física,Piura,Silver,33,76,7.4,6,593.39
Electrónica,Online,Piura,Silver,43,29,7.3,13,829.16
Hogar y Deco,Tienda física,Lima,Silver,15,33,20.5,11,616.05
Electrónica,Online,Piura,Silver,12,62,33.8,8,607.15
Electrónica,Online,Lima,Silver,40,15,3.2,1,661.75
Belleza,Tienda física,Piura,Silver,20,2,28.3,10,359.43
Belleza,Online,Cusco,Básico,30,52,26.2,13,442.35
Belleza,Online,Piura,Gold,38,44,34.9,11,616.32
Hogar y Deco,Tienda física,Arequipa,Silver,3,54,9.8,7,518.62
Belleza,Tienda física,Piura,Gold,28,18,18.0,12,662.38
Ropa y Moda,Tienda física,Trujillo,Silver,26,3,37.0,7,333.98
Deportes,Online,Piura,Silver,30,7,26.4,11,449.09
Ropa y Moda,Tienda física,Arequipa,Básico,13,43,15.6,7,303.15
Ropa y Moda,Tienda física,Arequipa,Platinum,13,82,5.3,7,929.67
Belleza,Online,Lima,Platinum,2,38,10.5,10,763.71
Deportes,Tienda física,Cusco,Básico,37,37,23.2,14,522.22
Deportes,Tienda física,Piura,Gold,49,58,28.7,10,849.96
Deportes,Tienda física,Lima,Platinum,38,33,5.0,8,1207.91
Hogar y Deco,Online,Cusco,Básico,2,59,24.0,9,324.8
Belleza,Online,Piura,Básico,36,11,22.0,9,313.25
Deportes,Online,Trujillo,Platinum,26,68,20.6,2,994.8
Hogar y Deco,Online,Piura,Gold,11,82,27.6,13,894.85
Electrónica,Tienda física,Arequipa,Básico,8,68,33.5,13,514.0
Electrónica,Online,Arequipa,Silver,44,22,12.9,7,769.06
Hogar y Deco,Online,Trujillo,Gold,40,66,35.6,7,891.24
Hogar y Deco,Tienda física,Lima,Gold,43,44,6.4,4,964.88
Belleza,Tienda física,Cusco,Platinum,22,6,6.9,9,847.43
Belleza,Tienda física,Piura,Platinum,20,42,10.7,8,838.37
Electrónica,Online,Arequipa,Silver,8,25,4.8,12,698.51
Deportes,Online,Lima,Básico,29,57,9.2,1,371.16
Electrónica,Online,Trujillo,Platinum,40,55,4.3,2,1774.05
Deportes,Tienda física,Arequipa,Platinum,26,16,32.9,13,1072.21
Deportes,Tienda física,Trujillo,Gold,30,14,5.6,13,802.98
Belleza,Online,Piura,Platinum,17,39,29.9,2,618.29
Ropa y Moda,Tienda física,Cusco,Platinum,20,28,1.9,12,1015.84
Ropa y Moda,Tienda física,Arequipa,Platinum,16,51,37.9,12,871.24
Hogar y Deco,Tienda física,Arequipa,Platinum,46,49,28.4,11,1530.1
Belleza,Online,Piura,Gold,43,9,0.3,8,635.1
Deportes,Tienda física,Lima,Silver,7,58,30.6,1,322.26
Ropa y Moda,Tienda física,Cusco,Silver,16,45,20.6,4,367.87
Deportes,Online,Arequipa,Básico,45,22,31.2,10,420.92
Ropa y Moda,Online,Cusco,Platinum,47,32,20.9,12,999.57
Ropa y Moda,Tienda física,Arequipa,Gold,48,69,25.6,5,729.25
Ropa y Moda,Tienda física,Cusco,Básico,27,69,31.5,9,429.44
Belleza,Online,Trujillo,Básico,23,42,16.2,7,333.29
Electrónica,Online,Arequipa,Silver,24,53,0.1,8,785.83
Deportes,Tienda física,Cusco,Gold,9,59,34.0,14,725.02
Belleza,Tienda física,Lima,Gold,35,74,15.2,11,779.26
Belleza,Tienda física,Trujillo,Gold,20,39,19.8,9,537.2
Belleza,Tienda física,Trujillo,Silver,37,15,0.3,13,556.73
Belleza,Online,Lima,Silver,42,71,19.7,7,607.77
Belleza,Tienda física,Cusco,Silver,17,29,39.5,5,289.68
Hogar y Deco,Tienda física,Piura,Silver,47,3,11.1,13,745.91
Deportes,Online,Lima,Silver,31,83,15.8,5,584.26
Belleza,Tienda física,Cusco,Platinum,8,10,27.5,10,684.57
Deportes,Online,Lima,Platinum,15,29,32.6,11,949.15
Hogar y Deco,Tienda física,Lima,Gold,31,79,16.7,6,945.85
Hogar y Deco,Tienda física,Arequipa,Básico,30,35,12.4,5,438.31
Deportes,Online,Cusco,Gold,46,6,37.5,13,730.1
Ropa y Moda,Online,Piura,Básico,20,12,27.1,12,306.52
Electrónica,Tienda física,Arequipa,Silver,39,38,4.8,11,882.99
Ropa y Moda,Tienda física,Lima,Básico,12,77,2.8,9,447.66
Ropa y Moda,Tienda física,Lima,Gold,49,19,19.3,3,593.97
Ropa y Moda,Online,Lima,Gold,17,67,8.8,3,533.51
Belleza,Tienda física,Cusco,Básico,42,8,10.2,7,386.5
Hogar y Deco,Online,Cusco,Platinum,30,8,35.1,7,1257.65
Ropa y Moda,Online,Arequipa,Silver,29,47,3.6,6,503.68
Hogar y Deco,Tienda física,Piura,Silver,19,4,28.6,3,339.47
Deportes,Online,Arequipa,Gold,46,51,10.8,14,901.82
Electrónica,Tienda física,Trujillo,Platinum,11,67,30.4,13,1890.71
Deportes,Tienda física,Lima,Básico,34,45,28.9,7,367.71
Deportes,Tienda física,Lima,Silver,7,8,0.3,5,393.76
Belleza,Tienda física,Lima,Platinum,44,16,20.4,7,875.24
Electrónica,Tienda física,Arequipa,Silver,34,77,5.6,2,848.51
Deportes,Online,Arequipa,Platinum,20,67,34.6,6,954.32
Deportes,Online,Lima,Platinum,38,9,34.9,14,1043.5
Electrónica,Tienda física,Arequipa,Gold,24,60,16.7,8,1173.05
Electrónica,Tienda física,Cusco,Silver,10,78,17.8,1,648.01
Deportes,Online,Cusco,Básico,32,77,12.1,4,447.59
Electrónica,Online,Arequipa,Gold,15,71,28.7,11,1102.47
Deportes,Online,Lima,Gold,37,15,14.3,1,604.73
Deportes,Online,Arequipa,Básico,20,71,10.7,14,478.95
Belleza,Tienda física,Arequipa,Gold,3,41,17.3,1,385.48
Ropa y Moda,Tienda física,Arequipa,Platinum,37,22,3.7,10,1024.73
Deportes,Online,Trujillo,Platinum,40,24,29.9,12,1116.44
Hogar y Deco,Tienda física,Cusco,Silver,8,44,0.5,14,659.15
Ropa y Moda,Online,Piura,Silver,40,1,25.8,14,519.3
Ropa y Moda,Tienda física,Piura,Básico,44,10,7.3,11,478.92
Ropa y Moda,Online,Trujillo,Silver,23,80,9.3,8,525.84
Belleza,Tienda física,Arequipa,Platinum,40,72,25.4,7,976.05
Deportes,Online,Trujillo,Básico,11,56,39.7,12,324.44
Belleza,Online,Trujillo,Básico,46,50,31.1,10,494.98
Deportes,Tienda física,Lima,Silver,8,12,9.0,13,460.92
Belleza,Online,Cusco,Platinum,29,81,7.0,1,790.56
Belleza,Tienda física,Piura,Básico,30,60,34.6,11,409.12
Hogar y Deco,Tienda física,Arequipa,Platinum,10,26,17.8,14,1401.32
Belleza,Online,Piura,Platinum,39,78,5.5,13,1044.25
Electrónica,Tienda física,Piura,Platinum,28,41,34.5,2,1653.17
Hogar y Deco,Tienda física,Cusco,Silver,49,36,32.6,4,639.0
Belleza,Tienda física,Piura,Gold,36,23,39.4,1,440.37
Ropa y Moda,Tienda física,Piura,Gold,13,43,36.4,3,443.27
Electrónica,Tienda física,Trujillo,Básico,32,6,34.1,8,393.87
Electrónica,Online,Cusco,Platinum,36,69,2.1,8,1859.7
Electrónica,Tienda física,Lima,Silver,37,43,4.2,8,898.26
Hogar y Deco,Tienda física,Arequipa,Platinum,26,25,22.8,6,1301.76
Belleza,Tienda física,Piura,Platinum,22,18,21.3,6,737.12
Belleza,Tienda física,Arequipa,Silver,4,62,18.3,5,342.87
Ropa y Moda,Tienda física,Lima,Gold,31,13,15.9,13,685.45
Ropa y Moda,Online,Arequipa,Platinum,18,43,17.2,9,839.67
Electrónica,Tienda física,Lima,Platinum,38,78,22.8,4,1902.76
Ropa y Moda,Online,Trujillo,Gold,24,28,0.1,10,666.53
Hogar y Deco,Online,Piura,Silver,23,18,10.4,12,612.92
Belleza,Online,Lima,Básico,22,59,20.7,12,380.73
Electrónica,Online,Arequipa,Gold,2,60,28.9,12,992.07
Ropa y Moda,Tienda física,Piura,Básico,31,63,7.0,7,472.79
Hogar y Deco,Online,Trujillo,Básico,11,57,21.9,1,309.91
Hogar y Deco,Online,Piura,Gold,28,51,28.6,9,856.53
Ropa y Moda,Tienda física,Lima,Platinum,46,56,17.8,7,999.62
Belleza,Tienda física,Trujillo,Básico,32,27,1.1,10,409.17
Ropa y Moda,Tienda física,Arequipa,Básico,5,32,18.0,12,332.96
Electrónica,Online,Trujillo,Silver,38,9,11.9,9,722.17
Ropa y Moda,Tienda física,Trujillo,Platinum,10,68,37.2,7,775.78
Hogar y Deco,Tienda física,Cusco,Básico,40,46,5.0,2,495.36
Ropa y Moda,Online,Trujillo,Silver,46,67,26.1,6,548.1
Belleza,Tienda física,Trujillo,Platinum,24,26,2.1,10,913.54
Deportes,Tienda física,Piura,Gold,35,8,17.8,12,737.41
Ropa y Moda,Tienda física,Arequipa,Gold,44,6,22.2,11,710.55
Belleza,Tienda física,Piura,Silver,48,80,11.9,4,632.56
Belleza,Online,Piura,Gold,23,24,18.2,3,414.1
Hogar y Deco,Tienda física,Lima,Básico,17,48,6.5,2,308.61
Belleza,Tienda física,Piura,Platinum,1,45,12.2,6,776.62
Belleza,Online,Cusco,Básico,31,13,24.8,8,294.63
Belleza,Tienda física,Cusco,Básico,31,69,12.1,6,415.21
Belleza,Online,Lima,Gold,42,25,36.0,9,602.59
Electrónica,Tienda física,Arequipa,Básico,42,20,25.1,14,626.12
Electrónica,Online,Arequipa,Gold,34,82,17.5,5,1159.18
Hogar y Deco,Online,Piura,Platinum,9,82,1.6,2,1267.73
Ropa y Moda,Online,Piura,Platinum,22,66,20.0,8,928.08
Belleza,Online,Piura,Básico,13,74,30.6,9,298.8
Ropa y Moda,Tienda física,Arequipa,Silver,25,45,10.6,14,576.77
Ropa y Moda,Online,Trujillo,Gold,48,47,32.3,10,712.01
Hogar y Deco,Tienda física,Cusco,Gold,18,63,10.1,4,888.68
Belleza,Online,Trujillo,Básico,12,76,32.9,6,294.78
Belleza,Online,Trujillo,Gold,40,77,3.4,11,795.66
Deportes,Online,Arequipa,Gold,17,55,34.6,10,629.81
Ropa y Moda,Tienda física,Trujillo,Silver,15,75,20.0,8,511.94
Ropa y Moda,Online,Lima,Silver,42,19,11.9,9,546.64
Electrónica,Tienda física,Piura,Básico,15,35,10.6,12,486.76
Deportes,Tienda física,Lima,Silver,15,53,17.3,5,433.82
Electrónica,Tienda física,Cusco,Básico,39,26,40.0,12,509.88
Electrónica,Tienda física,Piura,Platinum,13,14,8.8,6,1717.84
Electrónica,Tienda física,Trujillo,Básico,17,45,4.1,11,570.85
Hogar y Deco,Tienda física,Cusco,Platinum,32,44,23.4,4,1391.15
Hogar y Deco,Tienda física,Piura,Básico,9,65,19.5,5,362.87
Electrónica,Tienda física,Trujillo,Gold,40,51,21.0,7,1199.89
Deportes,Tienda física,Lima,Silver,20,43,26.7,9,498.27
Ropa y Moda,Online,Piura,Platinum,26,23,10.7,10,830.83
Deportes,Online,Trujillo,Básico,27,56,36.4,11,428.73
Belleza,Online,Lima,Silver,21,19,17.4,13,429.89
Hogar y Deco,Online,Cusco,Básico,18,82,5.2,6,475.76
Ropa y Moda,Online,Cusco,Silver,13,76,29.7,14,504.33
Ropa y Moda,Tienda física,Cusco,Silver,16,55,25.7,6,401.6
Belleza,Tienda física,Cusco,Básico,9,60,12.6,8,343.58
Belleza,Tienda física,Arequipa,Platinum,12,59,24.9,11,816.01
Electrónica,Tienda física,Piura,Platinum,44,33,8.8,4,1912.16
Hogar y Deco,Tienda física,Piura,Gold,38,19,17.8,3,820.91
Hogar y Deco,Tienda física,Arequipa,Silver,19,28,36.0,14,629.31
Deportes,Tienda física,Trujillo,Gold,7,52,5.3,7,642.98
Electrónica,Online,Trujillo,Gold,35,49,15.5,5,1046.89
Electrónica,Online,Cusco,Básico,48,37,32.8,2,436.49
Electrónica,Online,Lima,Básico,18,26,38.8,2,224.84
Electrónica,Online,Trujillo,Básico,16,40,18.2,11,460.3
Hogar y Deco,Tienda física,Lima,Silver,39,80,20.3,6,724.93
Hogar y Deco,Tienda física,Piura,Básico,4,38,22.9,8,303.06
Electrónica,Tienda física,Lima,Básico,25,77,37.3,1,426.29
Deportes,Online,Piura,Silver,32,54,34.3,11,562.46
Ropa y Moda,Tienda física,Arequipa,Silver,40,22,6.8,6,516.1
Ropa y Moda,Tienda física,Arequipa,Platinum,13,16,17.5,12,830.61
Deportes,Tienda física,Cusco,Básico,45,28,18.6,2,371.11
Electrónica,Online,Trujillo,Básico,17,35,31.6,2,273.51
Hogar y Deco,Tienda física,Cusco,Básico,49,60,24.1,7,579.28
Ropa y Moda,Online,Piura,Platinum,37,45,26.2,10,906.66
Belleza,Online,Cusco,Básico,6,46,39.9,1,65.91
Belleza,Online,Lima,Platinum,19,72,3.0,6,851.64
Deportes,Online,Piura,Gold,13,55,8.9,14,810.15
Electrónica,Tienda física,Arequipa,Platinum,26,26,16.3,7,1814.82
Ropa y Moda,Online,Trujillo,Gold,14,25,13.9,14,600.38
Electrónica,Online,Piura,Básico,31,65,0.9,8,628.72
Ropa y Moda,Tienda física,Piura,Gold,4,6,3.7,7,475.77
Deportes,Tienda física,Lima,Platinum,39,23,27.2,6,1088.57
Deportes,Online,Trujillo,Silver,8,64,35.2,9,421.88
Belleza,Tienda física,Arequipa,Gold,25,43,20.6,13,652.04
Electrónica,Online,Piura,Gold,13,23,21.6,3,835.16
Belleza,Online,Piura,Básico,32,30,10.2,11,443.33
Electrónica,Online,Lima,Platinum,38,77,30.7,6,1790.67
Belleza,Online,Cusco,Gold,38,18,30.1,4,493.71
Hogar y Deco,Tienda física,Arequipa,Gold,28,79,23.5,2,861.14
Hogar y Deco,Online,Trujillo,Gold,30,21,8.5,1,756.68
Hogar y Deco,Tienda física,Piura,Gold,3,57,3.9,12,936.4
Hogar y Deco,Tienda física,Piura,Silver,28,23,2.6,12,675.79
Ropa y Moda,Tienda física,Arequipa,Platinum,3,45,23.7,14,869.18
Hogar y Deco,Tienda física,Cusco,Básico,45,44,33.0,1,419.67
Deportes,Online,Piura,Básico,34,82,34.3,11,490.13
Deportes,Tienda física,Arequipa,Silver,16,47,18.5,10,533.33
Ropa y Moda,Online,Lima,Platinum,22,40,31.4,3,716.36
Hogar y Deco,Tienda física,Cusco,Gold,32,51,37.9,4,829.16
Hogar y Deco,Tienda física,Trujillo,Silver,38,42,11.0,2,622.86
Hogar y Deco,Online,Piura,Platinum,8,7,15.9,13,1246.61
Belleza,Online,Arequipa,Gold,8,50,37.3,12,459.16
Electrónica,Online,Lima,Silver,6,48,13.5,11,659.73
Belleza,Tienda física,Trujillo,Platinum,14,6,36.6,11,740.69
Electrónica,Tienda física,Arequipa,Básico,32,9,39.2,14,536.16
Hogar y Deco,Online,Arequipa,Básico,35,57,26.5,11,521.3
Hogar y Deco,Online,Trujillo,Platinum,10,31,32.7,1,1099.69
Belleza,Online,Lima,Básico,3,21,30.0,4,75.86
Belleza,Online,Lima,Platinum,12,40,28.0,7,664.37
Electrónica,Tienda física,Cusco,Gold,49,45,12.3,10,1337.68
Deportes,Online,Piura,Platinum,31,77,2.3,11,1241.92
Electrónica,Online,Trujillo,Gold,29,49,13.7,6,1101.32
Belleza,Online,Trujillo,Silver,5,20,26.7,6,240.91
Belleza,Online,Trujillo,Platinum,25,17,4.1,11,805.67
Ropa y Moda,Tienda física,Lima,Silver,41,28,0.5,9,600.11
Belleza,Online,Piura,Básico,31,41,5.6,14,538.43
Ropa y Moda,Tienda física,Cusco,Gold,21,66,28.6,2,521.73
Deportes,Online,Arequipa,Platinum,20,25,38.9,4,829.71
Electrónica,Online,Arequipa,Silver,39,58,39.3,5,717.3
Electrónica,Tienda física,Trujillo,Gold,22,41,19.8,1,980.26
Ropa y Moda,Online,Piura,Gold,4,6,34.8,8,356.99
Electrónica,Tienda física,Lima,Básico,13,75,29.5,8,465.32
Belleza,Tienda física,Piura,Básico,45,38,20.0,6,405.01
Hogar y Deco,Online,Piura,Gold,42,6,22.9,12,911.7
Ropa y Moda,Tienda física,Lima,Gold,49,45,5.5,5,759.43
Electrónica,Tienda física,Trujillo,Platinum,20,75,37.5,8,1831.39
Ropa y Moda,Tienda física,Piura,Gold,13,14,14.1,3,433.99
Ropa y Moda,Tienda física,Arequipa,Platinum,17,66,17.8,3,839.9
Hogar y Deco,Tienda física,Lima,Gold,36,40,26.9,2,806.75
Belleza,Tienda física,Cusco,Básico,33,3,13.4,5,244.64
Ropa y Moda,Tienda física,Trujillo,Platinum,1,24,10.2,3,686.98
Electrónica,Tienda física,Lima,Silver,15,19,25.2,3,541.55
Deportes,Online,Cusco,Básico,13,18,1.0,6,293.97
Ropa y Moda,Online,Cusco,Platinum,17,64,28.8,8,834.45
Ropa y Moda,Tienda física,Piura,Platinum,24,35,20.6,2,774.51
Hogar y Deco,Online,Piura,Silver,8,62,24.2,4,473.82
Belleza,Tienda física,Piura,Platinum,27,1,25.3,11,772.24
Deportes,Tienda física,Lima,Gold,45,25,21.1,7,759.81
Electrónica,Online,Lima,Silver,23,45,23.3,1,569.31
Deportes,Tienda física,Trujillo,Básico,46,49,27.4,1,400.16
Electrónica,Tienda física,Piura,Básico,8,16,30.1,12,374.73
Belleza,Tienda física,Cusco,Gold,8,19,29.1,13,485.94
Electrónica,Tienda física,Arequipa,Básico,26,23,34.8,10,420.04
Hogar y Deco,Online,Trujillo,Platinum,47,83,7.6,7,1517.99
Hogar y Deco,Tienda física,Lima,Platinum,13,25,16.0,14,1460.08
Hogar y Deco,Tienda física,Trujillo,Gold,39,16,37.9,7,816.15
Hogar y Deco,Tienda física,Trujillo,Básico,37,54,15.9,1,434.81
Deportes,Online,Trujillo,Básico,49,73,5.0,1,503.6
Belleza,Tienda física,Trujillo,Gold,28,1,21.0,4,456.22
Electrónica,Online,Arequipa,Silver,25,42,4.4,5,728.05
Electrónica,Online,Piura,Básico,16,19,8.1,5,354.1
Hogar y Deco,Tienda física,Cusco,Silver,2,34,39.9,4,375.95
Hogar y Deco,Tienda física,Trujillo,Básico,18,80,21.7,8,534.59
Ropa y Moda,Online,Trujillo,Básico,17,55,11.4,7,363.87
Belleza,Tienda física,Trujillo,Básico,30,18,39.8,9,321.39
Deportes,Online,Piura,Básico,39,34,38.7,7,370.17
Electrónica,Online,Lima,Platinum,13,45,17.6,10,1659.15
Ropa y Moda,Tienda física,Lima,Silver,32,6,10.4,1,357.6
Ropa y Moda,Tienda física,Arequipa,Silver,29,21,33.5,13,466.68
Electrónica,Online,Lima,Básico,46,70,28.6,14,682.56
Deportes,Online,Trujillo,Básico,30,48,27.5,7,373.6
Ropa y Moda,Online,Trujillo,Silver,18,39,35.7,1,246.89
Ropa y Moda,Online,Trujillo,Platinum,13,31,27.6,7,695.71
Belleza,Tienda física,Arequipa,Gold,43,10,11.4,10,729.52
Deportes,Tienda física,Trujillo,Gold,21,30,27.8,8,663.16
Ropa y Moda,Tienda física,Lima,Silver,30,18,12.2,11,515.99
Deportes,Tienda física,Piura,Básico,21,60,30.4,9,387.5
Electrónica,Tienda física,Piura,Básico,48,73,24.8,12,746.11
Hogar y Deco,Online,Cusco,Platinum,17,15,3.1,3,1233.19
Ropa y Moda,Tienda física,Lima,Gold,40,4,20.5,4,565.94
Belleza,Tienda física,Trujillo,Platinum,19,63,13.7,4,818.56
Electrónica,Tienda física,Piura,Gold,15,40,13.1,12,1178.07
Deportes,Tienda física,Lima,Silver,9,9,24.1,9,375.28
Electrónica,Tienda física,Piura,Gold,10,9,12.9,13,1076.81
Ropa y Moda,Online,Trujillo,Platinum,44,26,31.1,7,887.09
Deportes,Online,Piura,Platinum,31,4,2.8,3,937.16
Hogar y Deco,Online,Cusco,Platinum,23,81,26.4,10,1331.92
Electrónica,Tienda física,Cusco,Silver,30,16,32.4,5,625.88
Ropa y Moda,Online,Piura,Gold,33,15,26.9,7,547.99
Belleza,Online,Lima,Gold,9,52,19.9,8,505.51
Deportes,Tienda física,Lima,Platinum,47,69,38.0,1,1139.03
Electrónica,Tienda física,Lima,Gold,1,5,12.0,12,988.59
Electrónica,Tienda física,Piura,Básico,44,20,0.8,2,547.95
Hogar y Deco,Online,Lima,Básico,35,79,17.3,7,540.76
Hogar y Deco,Online,Trujillo,Básico,11,18,1.3,11,407.82
Belleza,Tienda física,Cusco,Gold,34,2,38.2,13,582.7
Belleza,Tienda física,Trujillo,Silver,16,13,8.4,14,430.03
Ropa y Moda,Online,Lima,Silver,9,4,31.6,13,298.25
Ropa y Moda,Online,Trujillo,Silver,32,42,31.0,2,333.6
Belleza,Tienda física,Lima,Silver,15,74,8.7,7,508.31
Belleza,Tienda física,Piura,Básico,12,61,24.8,9,316.43
Deportes,Online,Trujillo,Básico,33,8,1.9,11,496.93
Hogar y Deco,Tienda física,Piura,Platinum,45,67,19.3,2,1478.82
Ropa y Moda,Online,Piura,Gold,14,63,0.6,7,575.5
Hogar y Deco,Online,Arequipa,Gold,8,9,36.8,4,536.67
Hogar y Deco,Online,Lima,Silver,8,11,39.0,11,419.4
Belleza,Online,Cusco,Básico,27,42,8.9,13,477.32
Deportes,Tienda física,Lima,Silver,12,13,8.3,2,314.97
Electrónica,Tienda física,Cusco,Platinum,1,36,30.1,13,1771.55
Deportes,Online,Lima,Gold,43,13,10.1,7,740.57
Deportes,Online,Piura,Gold,40,12,35.8,13,696.39
Hogar y Deco,Online,Trujillo,Silver,42,37,23.0,5,656.96
Deportes,Online,Trujillo,Platinum,11,74,14.0,1,911.79
Ropa y Moda,Online,Arequipa,Gold,39,73,33.3,5,606.85
Hogar y Deco,Tienda física,Cusco,Platinum,43,52,19.7,12,1547.39
Ropa y Moda,Tienda física,Cusco,Platinum,31,71,36.5,12,1037.77
Electrónica,Tienda física,Cusco,Silver,17,2,37.1,3,495.6
Hogar y Deco,Tienda física,Piura,Básico,33,56,6.6,7,512.91
Electrónica,Online,Cusco,Silver,32,60,0.1,6,772.76
Hogar y Deco,Online,Trujillo,Básico,29,23,39.4,8,324.16
Belleza,Online,Piura,Platinum,21,40,36.2,13,848.38
Deportes,Online,Lima,Básico,21,64,2.2,5,356.91
Belleza,Online,Cusco,Platinum,40,23,33.3,2,680.21
Electrónica,Tienda física,Cusco,Gold,23,29,18.3,9,1143.55
Deportes,Online,Lima,Gold,6,78,10.4,14,799.31
Hogar y Deco,Tienda física,Cusco,Gold,22,51,35.1,11,868.07
Deportes,Tienda física,Lima,Silver,38,69,7.9,8,688.9
Ropa y Moda,Tienda física,Piura,Silver,37,31,37.9,6,430.61
Deportes,Tienda física,Trujillo,Platinum,45,50,8.2,13,1330.85
Ropa y Moda,Online,Lima,Gold,8,20,24.5,10,506.11
Deportes,Tienda física,Arequipa,Silver,41,55,8.9,7,660.23
Ropa y Moda,Tienda física,Lima,Gold,49,81,21.8,9,856.62
Electrónica,Tienda física,Cusco,Silver,35,2,27.4,7,683.43
Belleza,Online,Piura,Básico,11,25,7.6,3,148.7
Hogar y Deco,Online,Piura,Básico,24,13,20.8,6,284.5
Deportes,Online,Lima,Gold,49,70,18.8,11,879.21
Belleza,Tienda física,Trujillo,Platinum,21,67,2.8,13,996.86
Hogar y Deco,Tienda física,Arequipa,Silver,2,58,32.7,11,587.89
Hogar y Deco,Online,Piura,Silver,40,82,13.4,7,760.44
Ropa y Moda,Tienda física,Cusco,Básico,19,75,23.0,2,296.41
Electrónica,Online,Cusco,Básico,39,64,20.6,3,539.33
Electrónica,Online,Trujillo,Platinum,28,69,20.5,4,1675.56
Belleza,Tienda física,Piura,Platinum,17,83,4.3,10,954.16
Electrónica,Tienda física,Lima,Platinum,6,59,16.9,6,1751.66
Deportes,Tienda física,Cusco,Gold,19,60,18.1,1,630.46
Electrónica,Tienda física,Trujillo,Básico,38,83,29.3,9,648.32
Belleza,Online,Piura,Gold,28,62,33.6,5,532.02
Electrónica,Online,Piura,Básico,2,16,21.8,13,373.61
Deportes,Online,Piura,Básico,38,68,3.5,12,599.41
Ropa y Moda,Online,Piura,Silver,37,15,9.5,14,583.55
Belleza,Online,Piura,Básico,4,55,6.6,7,268.25
Ropa y Moda,Tienda física,Cusco,Básico,22,35,5.0,9,408.3
Ropa y Moda,Online,Trujillo,Gold,26,55,14.6,9,631.81
Ropa y Moda,Online,Piura,Básico,49,14,9.2,1,318.72
Hogar y Deco,Online,Arequipa,Gold,43,49,8.7,1,862.58
Hogar y Deco,Tienda física,Arequipa,Platinum,36,83,2.2,3,1485.89
Ropa y Moda,Tienda física,Trujillo,Básico,13,7,0.7,6,290.97
Belleza,Tienda física,Lima,Básico,32,30,4.1,2,342.18
Deportes,Tienda física,Lima,Gold,17,83,6.9,10,836.57
Deportes,Online,Lima,Platinum,41,49,17.2,12,1143.07
Electrónica,Online,Arequipa,Silver,36,16,20.4,11,732.49
Belleza,Tienda física,Lima,Platinum,46,51,5.6,1,911.88
Hogar y Deco,Tienda física,Cusco,Gold,19,72,17.0,1,810.55
Ropa y Moda,Online,Piura,Platinum,35,82,13.7,13,1034.61
Electrónica,Online,Arequipa,Gold,46,80,7.3,5,1186.54
Deportes,Tienda física,Trujillo,Gold,40,83,0.3,4,871.17
Hogar y Deco,Tienda física,Trujillo,Silver,28,42,18.7,1,499.01
Hogar y Deco,Tienda física,Piura,Básico,1,17,27.4,4,201.36
Ropa y Moda,Tienda física,Arequipa,Gold,42,63,9.1,3,716.01
Deportes,Online,Lima,Gold,18,45,5.3,2,576.87
Belleza,Online,Lima,Silver,48,77,35.5,9,619.44
Hogar y Deco,Online,Cusco,Gold,40,7,11.0,14,969.99
Ropa y Moda,Tienda física,Cusco,Básico,33,27,8.9,11,456.8
Belleza,Tienda física,Lima,Silver,12,10,34.3,1,161.23
Deportes,Online,Trujillo,Básico,8,34,32.7,7,208.02
Hogar y Deco,Online,Trujillo,Básico,24,36,17.9,14,478.11
Belleza,Online,Cusco,Silver,16,25,19.6,13,390.51
Belleza,Online,Piura,Gold,4,6,8.7,4,378.21
Belleza,Tienda física,Lima,Básico,38,24,3.1,5,375.88
Hogar y Deco,Online,Cusco,Básico,44,18,22.9,10,483.0
Hogar y Deco,Online,Cusco,Básico,27,6,3.9,5,329.85
Electrónica,Online,Lima,Básico,9,29,18.0,1,250.5
Deportes,Online,Lima,Silver,47,25,37.6,6,563.85
Ropa y Moda,Online,Trujillo,Silver,16,55,38.1,13,428.4
Belleza,Online,Piura,Platinum,12,81,9.6,9,887.04
Electrónica,Online,Piura,Platinum,31,46,25.0,2,1634.71
Ropa y Moda,Tienda física,Lima,Básico,24,24,19.0,7,322.41
Electrónica,Tienda física,Arequipa,Gold,14,75,35.0,6,1082.83
Hogar y Deco,Tienda física,Cusco,Básico,45,26,10.9,5,487.95
Belleza,Tienda física,Cusco,Gold,25,28,0.1,4,541.95
Ropa y Moda,Online,Lima,Básico,34,3,6.5,4,294.29
Ropa y Moda,Tienda física,Arequipa,Platinum,3,75,14.0,6,845.95
Ropa y Moda,Tienda física,Trujillo,Platinum,24,38,12.6,4,902.06
Ropa y Moda,Online,Lima,Gold,42,61,31.7,5,590.27
Ropa y Moda,Online,Lima,Básico,9,78,27.2,13,352.94
Electrónica,Tienda física,Cusco,Gold,26,51,12.0,6,1092.55
Belleza,Tienda física,Lima,Platinum,20,48,18.3,5,767.69
Hogar y Deco,Online,Lima,Básico,40,21,3.8,7,499.55
Hogar y Deco,Tienda física,Lima,Básico,10,54,35.9,9,359.27
Hogar y Deco,Online,Cusco,Gold,19,56,37.4,10,782.42
Hogar y Deco,Online,Trujillo,Silver,3,59,39.2,7,430.09
Electrónica,Online,Trujillo,Gold,24,72,34.7,7,1005.39
Deportes,Online,Lima,Platinum,5,51,7.0,4,886.94
Belleza,Tienda física,Cusco,Platinum,3,20,1.8,1,648.37
Ropa y Moda,Online,Trujillo,Platinum,27,59,23.2,14,998.62
Deportes,Online,Trujillo,Platinum,16,71,36.5,8,968.22
Hogar y Deco,Tienda física,Trujillo,Platinum,49,9,7.1,4,1486.58
Deportes,Online,Cusco,Silver,15,1,0.3,1,340.67
Belleza,Tienda física,Cusco,Básico,35,29,32.2,5,333.41
Ropa y Moda,Tienda física,Lima,Gold,12,63,3.1,14,723.65
Ropa y Moda,Tienda física,Piura,Gold,41,72,16.5,14,897.12
Belleza,Online,Trujillo,Platinum,44,56,27.2,8,949.71
Belleza,Tienda física,Piura,Gold,26,68,9.5,4,600.72
Hogar y Deco,Tienda física,Cusco,Platinum,47,35,3.4,13,1632.63
Ropa y Moda,Online,Cusco,Silver,34,3,30.8,12,414.92
Deportes,Tienda física,Cusco,Silver,23,7,25.2,8,393.25
Electrónica,Tienda física,Piura,Básico,31,27,39.5,8,397.01
Electrónica,Tienda física,Cusco,Silver,20,1,13.8,3,560.62
Belleza,Tienda física,Lima,Silver,12,80,2.5,9,534.71
Hogar y Deco,Tienda física,Cusco,Básico,23,71,29.4,3,354.61
Electrónica,Online,Arequipa,Gold,4,44,20.9,1,829.61
Ropa y Moda,Tienda física,Piura,Platinum,23,41,8.5,2,845.88
Belleza,Tienda física,Arequipa,Platinum,48,75,31.3,6,955.41
Deportes,Online,Cusco,Gold,48,42,8.2,12,886.17
Belleza,Online,Lima,Básico,1,33,10.4,10,247.38
Deportes,Online,Trujillo,Gold,25,50,3.7,2,640.96
Belleza,Tienda física,Cusco,Silver,2,63,16.0,6,333.05
Belleza,Online,Lima,Básico,30,37,16.8,14,462.26
Belleza,Tienda física,Piura,Básico,3,59,20.6,1,151.28
Deportes,Tienda física,Arequipa,Básico,21,81,28.4,11,436.44
Deportes,Online,Arequipa,Platinum,25,48,36.2,13,1069.28
Belleza,Online,Arequipa,Gold,20,5,5.5,1,401.7
Electrónica,Tienda física,Piura,Básico,49,48,2.2,5,661.65
Hogar y Deco,Online,Lima,Básico,22,3,0.7,10,379.59
Hogar y Deco,Tienda física,Piura,Básico,21,47,5.7,13,524.27
Hogar y Deco,Online,Arequipa,Gold,33,62,26.3,11,938.18
Deportes,Online,Cusco,Platinum,38,14,29.1,9,1000.24
Deportes,Online,Trujillo,Silver,15,63,31.5,14,559.35
Electrónica,Tienda física,Piura,Platinum,46,61,9.7,8,2044.53
Hogar y Deco,Online,Piura,Básico,15,31,12.2,3,298.95
Hogar y Deco,Tienda física,Lima,Platinum,46,17,19.3,3,1430.48
Belleza,Tienda física,Lima,Platinum,25,24,2.5,1,770.67
Deportes,Tienda física,Piura,Silver,21,23,24.4,14,541.27
Hogar y Deco,Tienda física,Arequipa,Gold,24,82,39.3,3,819.98
Electrónica,Online,Trujillo,Gold,5,50,14.4,14,1053.16
Electrónica,Tienda física,Lima,Platinum,6,78,30.1,12,1830.04
Hogar y Deco,Tienda física,Arequipa,Platinum,49,79,20.0,12,1628.55
Deportes,Online,Cusco,Gold,43,79,5.1,12,960.45
Electrónica,Tienda física,Lima,Gold,48,70,23.3,13,1389.99
Belleza,Online,Arequipa,Silver,44,27,12.0,11,558.96
Electrónica,Tienda física,Arequipa,Básico,47,15,1.4,1,536.31
Ropa y Moda,Online,Trujillo,Platinum,23,50,25.4,8,831.46
Ropa y Moda,Tienda física,Trujillo,Gold,4,36,34.4,1,292.05
Deportes,Online,Cusco,Platinum,27,8,13.8,5,953.4
Hogar y Deco,Tienda física,Arequipa,Platinum,18,79,15.6,9,1468.12
Deportes,Tienda física,Arequipa,Gold,21,3,35.6,7,572.03
Deportes,Online,Trujillo,Silver,28,62,32.5,4,425.27
Deportes,Online,Lima,Platinum,35,47,28.6,11,1108.35
Deportes,Online,Lima,Silver,22,77,10.0,9,582.54
Belleza,Online,Piura,Gold,40,61,36.4,9,636.87
Belleza,Tienda física,Trujillo,Básico,23,32,6.2,2,292.42
Electrónica,Tienda física,Piura,Básico,3,13,25.1,10,338.54
Ropa y Moda,Online,Trujillo,Platinum,40,1,1.2,10,928.26
Deportes,Tienda física,Cusco,Gold,10,34,25.7,11,610.92
Electrónica,Online,Arequipa,Silver,25,62,11.1,12,851.59
Ropa y Moda,Online,Cusco,Platinum,49,79,18.0,6,1050.73
Hogar y Deco,Tienda física,Trujillo,Gold,8,78,13.8,4,801.31
Belleza,Tienda física,Arequipa,Gold,11,82,6.9,8,607.98
Ropa y Moda,Tienda física,Lima,Silver,5,71,24.9,12,493.81
Hogar y Deco,Tienda física,Lima,Platinum,45,31,35.3,11,1483.52
Ropa y Moda,Tienda física,Piura,Gold,37,64,38.4,7,627.12
Belleza,Tienda física,Trujillo,Gold,45,25,7.7,7,676.86
Belleza,Tienda física,Trujillo,Gold,38,38,28.7,11,639.88
Electrónica,Online,Lima,Silver,29,14,26.6,10,679.35
Deportes,Online,Cusco,Platinum,5,8,13.7,9,865.89
Ropa y Moda,Online,Arequipa,Platinum,9,54,0.8,13,914.64
Ropa y Moda,Online,Cusco,Platinum,48,2,27.6,5,841.03
Hogar y Deco,Online,Cusco,Platinum,2,81,37.8,6,1117.55
Belleza,Tienda física,Lima,Básico,1,78,25.3,1,195.09
Ropa y Moda,Online,Lima,Básico,40,56,17.4,6,461.26
Belleza,Online,Lima,Platinum,30,61,21.0,2,746.43
Ropa y Moda,Online,Piura,Silver,11,22,8.0,6,363.09
Electrónica,Online,Cusco,Básico,28,35,30.0,9,427.06
Deportes,Online,Trujillo,Gold,44,16,29.9,8,668.54
Ropa y Moda,Online,Arequipa,Básico,12,50,5.8,9,340.98
Belleza,Online,Piura,Gold,39,43,35.1,13,676.61
Electrónica,Tienda física,Trujillo,Platinum,26,17,10.8,10,1818.9
Ropa y Moda,Tienda física,Cusco,Básico,13,80,39.3,8,358.8
Hogar y Deco,Online,Lima,Silver,8,58,15.3,3,461.1
Deportes,Tienda física,Cusco,Básico,28,2,7.1,8,372.32
Ropa y Moda,Tienda física,Arequipa,Básico,30,4,14.1,6,308.0
Electrónica,Tienda física,Piura,Básico,9,39,17.6,13,482.9
Hogar y Deco,Tienda física,Piura,Platinum,39,6,2.8,6,1415.79
Electrónica,Online,Arequipa,Silver,31,81,23.1,6,808.16
Electrónica,Tienda física,Trujillo,Básico,21,69,23.9,3,422.12
Hogar y Deco,Tienda física,Trujillo,Silver,47,69,29.6,10,769.59
Electrónica,Tienda física,Piura,Platinum,34,20,1.2,1,1827.13
Hogar y Deco,Online,Piura,Gold,31,64,21.6,12,959.33
Ropa y Moda,Online,Lima,Básico,25,16,2.1,14,476.99
Hogar y Deco,Online,Trujillo,Silver,12,51,28.0,4,448.79
Hogar y Deco,Online,Arequipa,Silver,1,37,2.2,10,517.52
Deportes,Online,Trujillo,Platinum,22,73,36.5,12,1082.51
Hogar y Deco,Online,Lima,Básico,40,69,28.1,6,481.45
Hogar y Deco,Online,Piura,Gold,37,42,20.3,11,914.34
Ropa y Moda,Tienda física,Piura,Silver,47,57,17.7,12,699.15
Deportes,Tienda física,Lima,Básico,1,66,5.2,10,432.59
Belleza,Tienda física,Arequipa,Gold,1,9,11.6,2,314.25
Ropa y Moda,Online,Piura,Silver,42,64,34.8,7,496.68
Ropa y Moda,Online,Cusco,Silver,42,22,36.2,7,424.61
Belleza,Online,Piura,Gold,21,34,0.0,11,631.98
Hogar y Deco,Online,Cusco,Gold,15,55,23.8,4,733.46
Electrónica,Online,Lima,Platinum,17,29,28.8,4,1574.96
Deportes,Tienda física,Lima,Básico,22,38,24.7,1,258.3
Electrónica,Tienda física,Piura,Básico,38,18,3.3,13,602.69
Belleza,Online,Trujillo,Platinum,35,71,8.7,2,834.77
Ropa y Moda,Online,Cusco,Silver,45,65,10.0,9,610.94
Ropa y Moda,Online,Arequipa,Gold,16,1,33.3,10,464.78
Deportes,Online,Piura,Gold,8,4,18.5,8,457.97
Ropa y Moda,Tienda física,Arequipa,Gold,47,4,19.5,8,616.35
Ropa y Moda,Online,Piura,Silver,17,82,37.4,9,437.88
Deportes,Online,Trujillo,Gold,17,27,25.5,7,580.4
Deportes,Online,Trujillo,Gold,26,43,35.9,13,691.22
Belleza,Online,Trujillo,Platinum,13,59,18.3,9,773.76
Ropa y Moda,Tienda física,Trujillo,Silver,17,32,6.0,10,467.43
Ropa y Moda,Online,Lima,Básico,38,33,37.2,12,411.91
Belleza,Online,Lima,Platinum,17,28,18.3,2,602.81
Hogar y Deco,Tienda física,Cusco,Platinum,48,55,7.3,6,1542.9
Hogar y Deco,Tienda física,Arequipa,Básico,14,60,12.1,3,399.53
Hogar y Deco,Tienda física,Piura,Platinum,45,70,2.0,11,1683.76
Belleza,Online,Piura,Silver,6,62,18.7,6,366.25
Ropa y Moda,Online,Lima,Gold,35,80,34.1,3,594.66
Belleza,Tienda física,Piura,Silver,46,34,37.3,8,481.43
Belleza,Tienda física,Lima,Básico,14,56,37.3,11,326.79
Hogar y Deco,Tienda física,Cusco,Básico,47,13,5.0,13,620.56
Electrónica,Tienda física,Arequipa,Platinum,8,56,15.3,4,1767.98
Ropa y Moda,Tienda física,Cusco,Silver,15,18,1.1,12,478.14
Hogar y Deco,Tienda física,Trujillo,Silver,27,54,34.2,10,661.84
Electrónica,Online,Trujillo,Básico,13,77,14.4,6,403.16
Electrónica,Online,Trujillo,Silver,49,43,25.2,9,851.65
Deportes,Online,Cusco,Básico,31,39,28.6,2,272.58
Ropa y Moda,Tienda física,Piura,Silver,35,61,17.2,2,489.63
Electrónica,Tienda física,Arequipa,Silver,6,42,12.3,7,642.67
Hogar y Deco,Tienda física,Trujillo,Silver,5,81,38.5,2,413.82
Deportes,Tienda física,Trujillo,Básico,22,79,38.6,2,308.4
Ropa y Moda,Tienda física,Trujillo,Platinum,49,18,11.6,4,909.17
Belleza,Tienda física,Arequipa,Silver,23,23,19.2,9,403.53
Hogar y Deco,Online,Trujillo,Básico,25,54,38.9,8,359.26
Electrónica,Online,Arequipa,Básico,34,30,0.2,2,454.82
Electrónica,Tienda física,Trujillo,Silver,26,58,16.5,8,818.26
Hogar y Deco,Online,Cusco,Silver,47,68,4.0,4,730.3
Electrónica,Tienda física,Cusco,Platinum,5,67,20.4,2,1716.43
Deportes,Online,Arequipa,Básico,26,71,1.0,11,563.52
Ropa y Moda,Tienda física,Cusco,Básico,20,18,16.3,10,310.16
Deportes,Tienda física,Arequipa,Gold,6,7,8.8,7,545.51
Electrónica,Online,Cusco,Básico,6,40,21.3,6,363.3
Belleza,Online,Cusco,Platinum,18,70,39.8,14,838.11
Ropa y Moda,Tienda física,Arequipa,Gold,4,65,32.0,10,556.76
Ropa y Moda,Tienda física,Piura,Gold,17,68,33.8,5,549.88
Hogar y Deco,Online,Cusco,Gold,14,49,25.4,11,779.18
Hogar y Deco,Online,Trujillo,Silver,14,52,1.7,1,480.62
Belleza,Tienda física,Piura,Silver,13,29,8.3,2,312.34
Ropa y Moda,Online,Arequipa,Básico,7,21,37.0,8,110.11
Belleza,Tienda física,Piura,Gold,44,78,14.6,1,659.32
Hogar y Deco,Tienda física,Lima,Platinum,15,9,4.1,3,1241.42
Hogar y Deco,Tienda física,Lima,Silver,19,47,28.1,2,508.36
Ropa y Moda,Tienda física,Cusco,Platinum,43,76,12.0,5,1059.72
Deportes,Online,Cusco,Platinum,47,42,10.8,4,1130.04
Electrónica,Online,Trujillo,Silver,44,51,39.9,13,833.67
Hogar y Deco,Online,Piura,Silver,35,56,34.3,7,603.14
Hogar y Deco,Online,Lima,Silver,17,51,16.3,5,520.09
Deportes,Online,Cusco,Silver,35,70,39.2,8,537.17
Deportes,Online,Piura,Gold,19,20,26.0,4,582.5
Belleza,Online,Cusco,Gold,20,27,29.7,12,542.47
Belleza,Tienda física,Cusco,Gold,36,38,1.3,6,628.84
Electrónica,Online,Lima,Gold,35,72,4.9,4,1204.1
Electrónica,Online,Lima,Básico,32,65,25.3,2,434.27
Ropa y Moda,Tienda física,Cusco,Gold,48,54,36.0,1,610.55
Belleza,Online,Arequipa,Silver,44,24,24.9,14,589.25
Hogar y Deco,Online,Cusco,Platinum,40,47,5.4,14,1487.63
Belleza,Tienda física,Cusco,Gold,24,71,4.6,1,556.26
Hogar y Deco,Online,Trujillo,Básico,17,83,33.8,8,456.03
Deportes,Online,Trujillo,Silver,7,63,5.6,14,578.11
Belleza,Online,Trujillo,Platinum,43,57,20.8,4,876.76
Deportes,Tienda física,Arequipa,Platinum,1,55,1.5,5,998.76
Electrónica,Online,Arequipa,Gold,35,60,3.2,11,1220.62
Electrónica,Online,Cusco,Platinum,32,62,26.9,8,1802.86
Ropa y Moda,Tienda física,Trujillo,Gold,36,30,27.6,12,691.68
Belleza,Online,Arequipa,Gold,13,22,13.7,7,441.44
Deportes,Tienda física,Lima,Silver,6,75,8.6,13,585.58
Hogar y Deco,Tienda física,Cusco,Silver,14,29,32.5,8,478.2
Electrónica,Online,Piura,Básico,37,41,8.7,13,667.62
Electrónica,Tienda física,Cusco,Silver,48,42,21.7,8,882.23
Hogar y Deco,Tienda física,Piura,Silver,15,65,38.7,6,495.93
Deportes,Online,Trujillo,Gold,47,31,5.9,10,838.55
Deportes,Tienda física,Piura,Silver,4,30,37.6,2,241.16
Belleza,Tienda física,Trujillo,Gold,40,18,7.3,6,623.42
Belleza,Online,Lima,Gold,16,17,22.7,14,517.05
Ropa y Moda,Online,Piura,Silver,28,38,15.1,1,392.1
Electrónica,Online,Cusco,Básico,16,14,38.6,1,197.92
Belleza,Tienda física,Trujillo,Básico,4,79,10.9,11,402.72
Deportes,Online,Cusco,Platinum,45,56,16.0,3,1068.43
Hogar y Deco,Tienda física,Arequipa,Platinum,26,22,39.3,3,1220.17
Deportes,Tienda física,Trujillo,Silver,28,67,21.5,11,696.92
Electrónica,Tienda física,Piura,Básico,32,56,20.1,13,671.68
Deportes,Tienda física,Trujillo,Gold,45,19,10.3,5,751.99
Ropa y Moda,Tienda física,Cusco,Platinum,2,57,28.1,1,726.46
Electrónica,Tienda física,Lima,Gold,31,44,0.6,10,1272.14
Hogar y Deco,Tienda física,Trujillo,Platinum,3,35,2.0,6,1291.33
Ropa y Moda,Online,Piura,Silver,8,1,24.0,7,227.26
Electrónica,Online,Arequipa,Básico,24,52,13.7,10,548.35
Hogar y Deco,Tienda física,Lima,Platinum,15,70,38.1,12,1427.29
Ropa y Moda,Tienda física,Arequipa,Básico,43,37,36.1,13,458.25
Ropa y Moda,Online,Trujillo,Gold,31,65,28.5,11,696.23
Electrónica,Tienda física,Cusco,Silver,9,51,32.7,3,533.89
Belleza,Online,Cusco,Básico,39,1,26.7,4,253.43
Ropa y Moda,Online,Piura,Silver,45,21,5.0,10,552.55
Ropa y Moda,Online,Cusco,Básico,2,53,30.6,11,237.62
Hogar y Deco,Tienda física,Lima,Gold,8,16,8.4,10,786.27
Deportes,Tienda física,Cusco,Gold,7,61,12.9,14,780.28
Electrónica,Online,Piura,Silver,44,54,32.8,12,831.23
Electrónica,Online,Trujillo,Gold,39,40,21.5,10,1099.82
Belleza,Online,Trujillo,Platinum,42,26,34.4,14,901.3
Belleza,Online,Cusco,Básico,16,80,8.5,10,480.5
Electrónica,Online,Arequipa,Gold,35,65,24.3,10,1169.11
Belleza,Tienda física,Trujillo,Platinum,30,74,3.4,3,958.05
Hogar y Deco,Online,Cusco,Silver,10,64,25.7,1,464.69
Electrónica,Tienda física,Piura,Platinum,38,43,30.5,8,1876.16
Belleza,Online,Cusco,Silver,18,17,23.4,13,421.47
Electrónica,Tienda física,Trujillo,Silver,5,59,10.6,10,737.1
Deportes,Tienda física,Piura,Básico,29,23,1.3,10,480.97
Ropa y Moda,Tienda física,Cusco,Básico,39,7,4.8,2,314.39
Electrónica,Tienda física,Lima,Platinum,34,44,24.9,1,1762.32
Ropa y Moda,Tienda física,Piura,Básico,43,53,37.4,14,547.37
Belleza,Tienda física,Lima,Básico,45,71,8.3,8,561.03
Ropa y Moda,Online,Arequipa,Básico,23,79,29.4,7,358.77
Electrónica,Tienda física,Piura,Platinum,5,34,34.7,7,1657.49
Deportes,Online,Lima,Gold,30,46,20.8,4,626.46
Belleza,Tienda física,Trujillo,Básico,6,68,26.8,11,306.57
Electrónica,Tienda física,Trujillo,Básico,46,78,32.6,9,635.0
Belleza,Online,Arequipa,Platinum,44,78,10.4,6,972.6
Hogar y Deco,Tienda física,Piura,Gold,4,16,11.9,2,653.99
Ropa y Moda,Online,Piura,Básico,29,71,0.0,14,574.87
Hogar y Deco,Online,Piura,Silver,23,19,38.5,1,400.26
Electrónica,Online,Arequipa,Platinum,6,2,36.7,1,1311.36
Deportes,Online,Piura,Básico,32,10,30.6,9,334.05
Belleza,Tienda física,Trujillo,Básico,42,50,3.2,4,445.63
Ropa y Moda,Tienda física,Lima,Silver,18,81,17.9,5,447.96
Belleza,Online,Trujillo,Silver,15,12,4.1,3,298.58
Electrónica,Tienda física,Trujillo,Platinum,40,70,0.6,4,1982.53
Belleza,Tienda física,Lima,Platinum,32,22,24.6,12,914.37
Ropa y Moda,Online,Trujillo,Silver,9,32,38.4,8,307.56
Electrónica,Tienda física,Arequipa,Platinum,37,1,36.1,13,1900.2
Belleza,Online,Lima,Silver,10,54,27.9,4,280.82
Deportes,Online,Trujillo,Básico,20,58,3.9,9,482.53
Electrónica,Tienda física,Cusco,Silver,6,70,11.0,9,722.56
